"C_Name","T_Name","Substitu","User_","PowerSum_","無老年人口戶數比例","戶長平均年齡"
"新北市","新莊區","中華里",1610.48247418,1444956.70251,83.88,51.02
"新北市","新莊區","中隆里",1156.64399927,1716494.68591,86.91,49.38
"新北市","新莊區","中原里",4116.13560742,3329109.99083,88.19,49
"新北市","新莊區","中信里",2843.51723471,1860151.35297,87.6,49.57
"新北市","新莊區","四維里",2277.58011979,1525271.87716,82.48,51.73
"新北市","新莊區","建福里",1086.05761568,767915.562449,82.86,53.16
"新北市","新莊區","中宏里",1331.64522506,891226.005209,82.29,51.82
"新北市","新莊區","中全里",1378.2678783,762303.688119,80.79,52.23
"新北市","新莊區","立泰里",2052.05479816,1209161.88302,79.71,52.14
"新北市","新莊區","全泰里",1920.17186782,1370646.68707,76.09,54.42
"新北市","新莊區","仁義里",1852.82941294,1064922.1492,77.62,53.16
"新北市","新莊區","立基里",2954.00354733,1894628.00136,82.71,51.86
"新北市","新莊區","昌明里",1361.87221691,590633.800968,85.18,52.15
"新北市","新莊區","昌平里",3302.30200863,2064018.90679,90.11,47.66
"新北市","新莊區","文聖里",2027.81403329,1175080.91359,73.57,54.01
"新北市","新莊區","萬安里",1211.92669479,790064.928958,84.77,51.29
"新北市","新莊區","龍安里",1144.19372505,663920.177529,82.44,53.01
"新北市","新莊區","福營里",2931.03882985,4582804.23777,75.21,53.3
"新北市","新莊區","後德里",1221.50270169,695966.593334,84.91,52.64
"新北市","新莊區","建安里",2699.14574403,2139331.92937,87.82,49.84
"新北市","新莊區","成德里",2683.71078995,1419502.14906,85.4,50.79
"新北市","新莊區","福興里",4281.60546244,5315424.83663,86.52,49.84
"新北市","新莊區","昌信里",1480.07169305,604715.74944,88.84,48.83
"新北市","淡水區","文化里",1449.89890909,706817.392912,75.27,53.68
"新北市","淡水區","油車里",3795.09040005,1805149.36977,77.18,53.39
"新北市","淡水區","沙崙里",4591.92671613,1820060.83677,80.18,52.31
"新北市","淡水區","新義里",2271.82180406,1272836.49794,76.92,53.81
"新北市","淡水區","新春里",4536.0560459,1640286.78891,85.48,49.45
"新北市","淡水區","新民里",2717.94380379,1396127.21465,81.46,51.95
"新北市","淡水區","正德里",4313.75256983,1700390.6747,86.8,48.99
"新北市","淡水區","北新里",3069.2879443,1651520.71306,88.37,49.06
"新北市","淡水區","民權里",2628.7674543,1551392.88626,82.22,51.82
"新北市","淡水區","幸福里",2590.20914922,2140259.02646,74.29,55.19
"新北市","淡水區","學府里",4917.34237522,2390653.83965,83.35,50.54
"新北市","淡水區","大庄里",1314.19390106,626879.324558,82.22,50.82
"新北市","汐止區","義民里",1071.22866487,603746.138844,68.77,57.44
"新北市","汐止區","禮門里",846.286992925,437019.864761,69.46,56.16
"新北市","汐止區","智慧里",4090.01824343,2765039.69567,83,50.64
"新北市","汐止區","信望里",486.05603544,288254.873104,63.58,59.18
"新北市","汐止區","橋東里",744.619817625,742411.453116,79.95,52.28
"新北市","汐止區","秀峰里",2979.67923934,2025100.87192,81.36,52.64
"新北市","汐止區","新昌里",1770.44506452,1318627.06979,76.02,53.59
"新北市","汐止區","復興里",4660.06893995,3318501.80397,84.73,50.38
"新北市","汐止區","茄苳里",2138.59020577,1269533.81396,82.69,50.76
"新北市","汐止區","長安里",997.23091165,658051.67539,71.47,56.33
"新北市","汐止區","保安里",1885.47995063,1431086.93996,73.78,54.82
"新北市","汐止區","保長里",242.495730893,205200.604449,81.1,50.37
"新北市","汐止區","鄉長里",1194.38022363,528895.534921,77.26,53.89
"新北市","汐止區","江北里",2325.42904653,1734500.35548,80.97,51.81
"新北市","汐止區","拱北里",3252.29726777,1235199.47817,81.2,52.26
"新北市","汐止區","烘內里",941.455744829,369998.606803,73.71,54.8
"新北市","板橋區","溪北里",1664.7288885,978555.172271,76.84,52.99
"新北市","板橋區","香雅里",251.487118174,1166352.16909,74.13,54.41
"新北市","板橋區","新生里",1330.8739043,821307.815633,77.4,54.69
"新北市","板橋區","文德里",1324.6501473,1005667.89244,77.8,53.01
"新北市","板橋區","文化里",2312.80433324,1327975.08055,75.19,53.89
"新北市","板橋區","新海里",954.160136743,1124635.47464,82.72,53.14
"新北市","板橋區","莒光里",1955.03002846,1555900.42736,73.6,54.31
"新北市","板橋區","富貴里",1364.4329474,1059502.91923,73.13,55.15
"新北市","板橋區","正泰里",680.501826237,379369.845553,78.43,53.9
"新北市","板橋區","民生里",1094.69603768,794105.616504,81.1,51.59
"新北市","板橋區","後埔里",2094.34632581,844546.198044,77.35,53.56
"新北市","板橋區","華福里",789.829382031,438252.850944,75.64,55.79
"新北市","板橋區","堂春里",1768.80541385,995589.304959,85.12,51.43
"新北市","板橋區","成和里",3855.81673677,1615765.48147,86.61,48.7
"新北市","板橋區","光榮里",1091.22414819,535001.346033,70.58,55.56
"新北市","板橋區","民安里",908.707212083,647930.54249,65.54,56.97
"新北市","板橋區","陽明里",1275.06293264,1187955.92429,71.48,55.44
"新北市","板橋區","朝陽里",1477.58530936,855183.072441,75.9,54.21
"新北市","板橋區","松柏里",1545.62943748,1249537.32042,78.56,53.07
"新北市","板橋區","文聖里",1495.96048757,803691.510426,81.51,52.8
"新北市","板橋區","居仁里",683.865314901,478146.57403,80.08,53.51
"新北市","板橋區","莊敬里",1852.71947212,917905.500288,86.29,50.24
"新北市","板橋區","東安里",635.753825723,443650.87188,81.95,52.41
"新北市","板橋區","五權里",1474.41288814,720794.27772,74.4,54.18
"新北市","板橋區","溪福里",5656.65765222,3376491.78726,88.64,48.67
"新北市","板橋區","大觀里",1602.51618218,651141.908914,84.59,52.04
"新北市","板橋區","歡園里",1581.6767541,791617.880385,74.85,55.16
"新北市","三重區","大有里",3042.15635606,2398216.9803,81.96,52.75
"新北市","樹林區","圳安里",1877.19725043,1559253.02578,88.23,49.33
"新北市","樹林區","保安里",2595.63883448,1762109.06516,76.68,53.47
"新北市","樹林區","[槍]寮里",2839.71845798,2370690.62289,85.09,50.48
"新北市","樹林區","樹德里",1395.31026907,750392.881124,73.73,54.8
"新北市","樹林區","樹西里",2500.48229552,1664758.35728,73.55,54.89
"新北市","樹林區","樹南里",1479.98757655,817674.813163,80.62,53.3
"新北市","樹林區","樹人里",985.287101495,611834.718118,75.52,52.83
"新北市","樹林區","樹東里",2024.03874353,1154284.04896,70.72,55.57
"新北市","樹林區","大同里",1421.49068667,834454.265678,85.88,50.51
"新北市","樹林區","和平里",1768.45862788,961234.834971,75.74,54.09
"新北市","樹林區","彭厝里",2243.53194063,1864969.73057,86.2,50.17
"新北市","樹林區","彭福里",2000.94530306,1108630.64431,83.19,51.34
"新北市","樹林區","東陽里",2396.94881153,1441189.44042,82.14,51.2
"新北市","樹林區","東昇里",1818.24615328,1334940.09554,83.37,51.2
"新北市","樹林區","東園里",603.462934439,830079.695454,72.33,55.03
"新北市","樹林區","西園里",585.644453957,499628.233446,73.95,55.33
"新北市","樹林區","南園里",12917.1496053,7361357.63658,87.51,46.33
"新北市","樹林區","北園里",892.002288877,1150556.35048,78.28,53.75
"新北市","樹林區","柑園里",825.425571901,1097489.48792,84.91,48.32
"新北市","樹林區","樹北里",850.340467285,729589.448145,64.12,57.85
"新北市","樹林區","圳福里",1507.42365883,823807.433806,83.83,51.58
"新北市","土城區","清溪里",3252.53720989,2010521.79456,80.52,52.72
"新北市","土城區","[峰]廷里",2636.89837025,1439819.10266,85.29,51.57
"新北市","土城區","平和里",2043.42692346,1314860.42138,85.2,51.68
"新北市","土城區","廷寮里",1767.23361567,1335058.89373,84.12,51.45
"新北市","土城區","大安里",2063.45711496,3536013.52551,80.39,52.54
"新北市","土城區","永寧里",4158.60124865,2321300.55705,81.92,51.25
"新北市","土城區","沛陂里",5101.10361601,4193791.61318,84.11,49.83
"新北市","土城區","頂埔里",1641.38998064,1638672.19684,81.29,51.63
"新北市","土城區","頂福里",3594.377461,1890756.51136,76.37,52.84
"新北市","土城區","頂新里",780.847489172,409842.202072,81.72,49.8
"新北市","土城區","祖田里",1474.23838913,706522.217298,78.78,53.94
"新北市","土城區","樂利里",2480.09636559,1508103.4681,86.2,51.77
"新北市","土城區","廣福里",1853.94690381,893844.959962,85.7,51.32
"新北市","土城區","學府里",1087.70033048,1171332.83172,86.4,51.87
"新北市","土城區","延壽里",2599.16717422,1379946.86452,83.72,52.03
"新北市","土城區","安和里",2089.16152703,1077449.53136,85.59,51.06
"新北市","土城區","青雲里",1800.98105,1022272.71168,78.46,52.65
"新北市","土城區","員福里",2159.92452978,1441559.13428,79.9,53
"新北市","土城區","延吉里",1952.64202819,1004898.06121,80.35,52.71
"新北市","土城區","復興里",1866.06028182,1072772.51382,82.48,52.76
"新北市","土城區","裕生里",2447.08803438,1769978.32818,82.5,51.22
"新北市","土城區","員信里",1760.2639921,1252716.27062,81.69,52.66
"新北市","土城區","永富里",1924.4711757,440855.783127,85.55,51.17
"新北市","土城區","學成里",979.300702455,587087.80142,85.59,52.21
"新北市","土城區","延和里",2955.38250354,1366675.05175,86.34,50.5
"新北市","土城區","中正里",1059.34932912,539650.252777,86.31,50.4
"新北市","土城區","學士里",2290.83885437,1185856.43767,86.54,50.28
"新北市","土城區","明德里",1267.58696557,883520.072302,88.16,48.98
"新北市","土城區","廣興里",1521.69190073,774404.015696,85.99,50.23
"新北市","土城區","青山里",1162.37801363,556391.826927,79.59,53.19
"新北市","土城區","金城里",2652.65994678,1309226.74378,87.44,49.58
"新北市","土城區","延祿里",880.73978584,333685.989748,83.73,51.29
"新北市","蘆洲區","正義里",6115.60643614,5268373.5821,89.27,45.93
"新北市","蘆洲區","中原里",2242.56628379,1710647.52891,83.58,50.61
"新北市","蘆洲區","中路里",2226.28611592,2062921.45816,81.17,51.84
"新北市","蘆洲區","光華里",1827.97421223,1509511.03436,79.42,53.18
"新北市","蘆洲區","保佑里",1813.13395533,1291544.60594,76.19,53.44
"新北市","蘆洲區","水湳里",4206.14842405,2674186.89384,85.23,49.91
"新北市","蘆洲區","樓厝里",2829.17025497,2293172.21671,84.01,50.66
"新北市","蘆洲區","鷺江里",2501.5870853,1570246.64986,83.01,51.55
"新北市","蘆洲區","恆德里",3890.14321357,2590548.77602,80.64,52.32
"新北市","蘆洲區","溪墘里",2081.87272254,1348342.00587,75.76,54.72
"新北市","蘆洲區","樹德里",1359.38419067,942729.621233,76.71,53.95
"新北市","蘆洲區","保和里",2276.52856591,1396257.63873,78.46,53.82
"新北市","蘆洲區","仁復里",1057.4639046,862802.815945,76.26,53.14
"新北市","蘆洲區","得勝里",1418.56350261,993863.37403,70.66,55.38
"新北市","蘆洲區","南港里",2389.02241907,1698562.43216,85.02,50.74
"新北市","蘆洲區","永樂里",2101.62805077,1451816.9329,84.95,50.33
"新北市","蘆洲區","永康里",2044.49576026,1278598.9113,87.84,49.27
"新北市","蘆洲區","信義里",1259.29633872,814609.604008,82.61,52.56
"新北市","蘆洲區","玉清里",2443.07425504,1670072.94282,84.13,50.77
"新北市","蘆洲區","復興里",4362.23557334,3666246.3943,83.55,51.54
"新北市","蘆洲區","水河里",6000.74045298,4262542.06347,85.59,50.34
"新北市","蘆洲區","仁愛里",1108.94260534,848849.966692,85.27,51.92
"新北市","蘆洲區","忠義里",1526.02253516,1314643.27587,84.94,50.33
"新北市","蘆洲區","九芎里",2184.27194414,1584771.4401,84.7,50.83
"新北市","板橋區","留侯里",1075.50839513,624274.379126,75.76,53.79
"新北市","板橋區","流芳里",1193.28437204,648071.24121,70.64,54.76
"新北市","板橋區","赤松里",542.620233642,414632.284343,68.03,56.46
"新北市","板橋區","黃石里",820.046763179,912480.188811,68.1,56.44
"新北市","板橋區","挹秀里",944.635246215,944469.249536,70.28,56.22
"新北市","板橋區","湳興里",3464.98578395,2373745.5653,77.2,52.83
"新北市","板橋區","新興里",2123.30508177,1587626.51503,76.02,52.4
"新北市","板橋區","社後里",2636.84760773,1814397.06612,81.39,53.22
"新北市","板橋區","香社里",2290.94568415,1154153.32789,75.99,54.34
"新北市","板橋區","中正里",2104.33666875,1283938.60518,79.24,53.07
"新北市","板橋區","自強里",2004.97342289,1096489.66529,69,56.16
"新北市","板橋區","自立里",1222.72825998,599401.274883,72.27,55
"新北市","板橋區","光華里",1128.02479924,651706.328467,72.82,54.95
"新北市","板橋區","國光里",965.285905567,815803.987799,70.37,56.24
"新北市","板橋區","港尾里",1016.46365752,736446.480061,80.79,52.47
"新北市","板橋區","金華里",1407.51841866,653882.684861,75.54,54.01
"新北市","板橋區","港德里",2404.43972979,1429634.905,73.55,54.65
"新北市","板橋區","民權里",1541.88496814,633812.322425,65.95,57.3
"新北市","板橋區","建國里",1595.61507735,845847.191062,71.83,54.83
"新北市","板橋區","漢生里",2129.73580505,1419979.53768,70.58,56.12
"新北市","板橋區","公[館]里",1852.49969049,1174508.6382,71.63,54.89
"新北市","板橋區","新民里",3240.56419461,2428360.11049,74.39,54.25
"新北市","板橋區","幸福里",1920.62131875,1026135.82361,73.09,54.71
"新北市","板橋區","忠誠里",1867.32761927,1637876.97159,69.77,56.62
"新北市","板橋區","百壽里",905.939092442,517257.309706,72.62,54.97
"新北市","板橋區","介壽里",1428.35331842,1123055.55596,72.59,55.44
"新北市","板橋區","新埔里",1206.22603595,1066510.15635,70.83,55.01
"新北市","板橋區","華江里",3805.11063591,2441929.90597,83.84,49.87
"新北市","板橋區","江翠里",2348.22872681,2153088.42428,75.2,54.44
"新北市","板橋區","純翠里",1610.18722945,1166860.52441,77.47,52.95
"新北市","板橋區","溪頭里",2424.16934384,1437555.21833,77.74,53.16
"新北市","板橋區","聯翠里",2042.28679654,1582680.07804,78.74,51.86
"新北市","板橋區","宏翠里",2640.11541802,1742357.44441,84.97,48.93
"新北市","板橋區","仁翠里",1100.5212928,768406.32233,74.23,55.11
"新北市","板橋區","新翠里",3117.60183178,2041125.3885,84.06,51.55
"新北市","板橋區","吉翠里",1826.14491784,1019693.66175,81.28,53.29
"新北市","板橋區","德翠里",2764.5599193,1427855.48912,86.64,49.69
"新北市","板橋區","滿翠里",1387.33037844,876481.186877,73,55.54
"新北市","板橋區","明翠里",1921.85049317,1095242.15756,73.78,54.6
"新北市","板橋區","松翠里",1760.59484838,1428663.30877,75.82,54.22
"新北市","板橋區","柏翠里",2629.73182881,1953993.74297,77.52,51.89
"新北市","板橋區","龍翠里",2523.74601856,1685550.85046,79.95,52.41
"新北市","板橋區","華翠里",1798.14042033,1216097.21976,79.2,52.88
"新北市","板橋區","忠翠里",4724.06006588,3644014.46942,85.11,50.08
"新北市","板橋區","嵐翠里",1228.33398317,913033.832947,74.77,54.65
"新北市","板橋區","文翠里",2448.66892438,1658891.79506,72.43,54.88
"新北市","板橋區","青翠里",1121.83425383,1007085.08144,75.41,53.9
"新北市","板橋區","懷翠里",2507.4545797,1367536.64845,77.8,53.42
"新北市","板橋區","福翠里",919.330392955,618481.935309,69.64,55.91
"新北市","板橋區","港嘴里",2743.49119173,2081744.61046,78.67,52.98
"新北市","板橋區","振興里",2492.65433126,1386968.69137,73.8,54.94
"新北市","板橋區","振義里",2216.39284997,1085395.96755,75.89,53.8
"新北市","板橋區","光復里",1342.10533768,630517.786717,76.59,53.59
"新北市","板橋區","埔墘里",2657.31583342,1739025.52946,79.55,52.45
"新北市","板橋區","長壽里",2030.70795862,1446756.43223,72.34,56.23
"新北市","板橋區","福壽里",1566.94071041,824501.493737,78.2,53.6
"新北市","板橋區","海山里",2840.26064755,2373326.16043,80.32,51.76
"新北市","板橋區","九如里",1432.10468204,943931.714738,73.37,54.9
"新北市","板橋區","玉光里",2141.08172766,1383108.91139,79.63,51.81
"新北市","板橋區","光仁里",1567.78040735,1296282.33188,71.91,55.28
"新北市","板橋區","埤墘里",1962.27813932,1172748.83641,78.84,52.24
"新北市","板橋區","永安里",1362.64329464,754852.377217,77.79,52.46
"新北市","板橋區","雙玉里",2153.52599456,1149313.61775,76.63,53.05
"新北市","板橋區","廣新里",1291.55584842,840921.81115,74.16,54.71
"新北市","板橋區","深丘里",4079.89708919,2640690.39392,83.69,50.17
"新北市","板橋區","香丘里",1458.95808391,951095.666715,78.19,53.45
"新北市","板橋區","西安里",1357.00956023,710907.885508,72.74,54.9
"新北市","板橋區","東丘里",2630.88385293,1918760.23902,74.25,54.14
"新北市","板橋區","長安里",1807.12661842,1078487.75354,83,51.34
"新北市","板橋區","福丘里",2786.04762584,2409874.96949,82.26,50
"新北市","板橋區","福祿里",2356.63502362,992828.397035,78.16,52.91
"新北市","板橋區","民族里",1832.56185922,996987.039578,79.76,51.13
"新北市","板橋區","國泰里",1856.82995152,740574.60723,76.26,53.57
"新北市","板橋區","福德里",2164.75914311,1123310.34065,72.13,54.37
"新北市","板橋區","景星里",2497.10060165,1791744.95163,76.4,53.13
"新北市","板橋區","福星里",2860.84355422,1566437.76876,73.86,54.61
"新北市","板橋區","鄉雲里",3052.9271727,1992770.98346,76.66,52.72
"新北市","板橋區","廣德里",3366.48177805,1744207.18684,78.8,52.6
"新北市","板橋區","大豐里",1862.94087278,1026094.57175,72.78,55.3
"新北市","板橋區","重慶里",4716.83732595,2625255.53534,83.2,51.78
"新北市","板橋區","仁愛里",1387.36913086,649126.398561,70.97,56.68
"新北市","板橋區","和平里",1605.95747926,987081.578033,87.52,45.91
"新北市","板橋區","廣福里",2399.49855458,1600197.42456,82.52,51.85
"新北市","板橋區","華興里",1555.78970353,805780.035921,79.17,52.94
"新北市","板橋區","華貴里",1214.13375235,625160.879283,72.07,54.8
"新北市","板橋區","華德里",3748.74893912,1636344.99202,81.45,51.07
"新北市","板橋區","華東里",4644.87088536,2851278.57648,81.05,51.14
"新北市","板橋區","信義里",1540.16936012,988944.59947,74.76,53.85
"新北市","板橋區","浮洲里",2613.61863992,1273008.79961,74.65,55.51
"新北市","板橋區","華中里",1673.73346552,891899.254844,83.39,52.75
"新北市","板橋區","僑中里",1247.83162242,282845.069563,86.25,52.07
"新北市","板橋區","中山里",2505.57236236,1208271.90429,75.76,53.7
"新北市","板橋區","復興里",630.78986152,387617.797308,77.29,54.88
"新北市","板橋區","大安里",720.329928129,375680.164655,74.61,54.27
"新北市","板橋區","福安里",699.376721918,326549.14661,73.9,55.16
"新北市","板橋區","聚安里",2550.55289298,1193748.80913,80.19,52.95
"新北市","板橋區","龍安里",747.784199032,771877.5549,74.27,55.03
"新北市","板橋區","崑崙里",3656.43002251,2236832.36534,84.48,49.76
"新北市","板橋區","溪洲里",2879.96649259,1561211.47831,79.55,53.55
"新北市","三重區","二重里",1262.78353168,838663.227372,74.4,55.02
"新北市","三重區","頂崁里",1634.432213,4215204.17986,79.31,53.28
"新北市","三重區","谷王里",682.579217634,1252733.86785,66.85,57.93
"新北市","三重區","中興里",3629.06472721,7169168.16658,77.42,54.27
"新北市","三重區","德厚里",385.943987939,923994.926413,62.64,58.48
"新北市","三重區","成功里",3678.86785135,1823970.58159,83.3,50.3
"新北市","三重區","福祉里",2809.76363489,1623244.52169,81.24,50.94
"新北市","三重區","福民里",1570.01464587,979438.460671,74.94,54.26
"新北市","三重區","過田里",3424.49739791,1969200.31843,83.71,52.45
"新北市","三重區","錦田里",490.922109527,298123.047421,71.96,56.06
"新北市","三重區","重明里",1465.86423358,974159.617981,74.5,53.76
"新北市","三重區","光田里",2367.90659804,1189496.80028,74.96,54.09
"新北市","三重區","光陽里",3052.54299522,1975319.42844,78.41,53.41
"新北市","三重區","田心里",1883.04156626,1058973.79211,72.61,54.81
"新北市","三重區","福田里",932.875949076,683292.266556,79.84,53.61
"新北市","三重區","田中里",2508.69138312,1443763.5796,78.6,53.02
"新北市","三重區","田安里",3078.04296794,1814912.37321,77.93,53.38
"新北市","三重區","三民里",1645.99403448,920324.361477,78.32,53.24
"新北市","三重區","光明里",4649.05030557,2808289.67398,81.22,51.91
"新北市","三重區","光正里",737.019906253,338938.758397,86.28,48.52
"新北市","三重區","同安里",718.616914036,790313.731813,75.26,54.58
"新北市","三重區","同慶里",1214.83612162,629662.557387,75.44,54.05
"新北市","三重區","菜寮里",1336.97985613,640253.201259,73.1,54.81
"新北市","三重區","永春里",872.178650235,396089.96667,78.12,53.22
"新北市","三重區","中正里",759.905636565,363544.352666,73.29,56.07
"新北市","三重區","吉利里",725.112719214,344680.421057,77.54,54.87
"新北市","三重區","大同里",1088.84165544,499787.0617,79.56,52.92
"新北市","三重區","中民里",831.390733491,359411.427702,73.88,56.43
"新北市","三重區","平和里",864.136533092,396645.60648,68.51,56.84
"新北市","三重區","大安里",876.122535688,412647.905153,71.58,55.25
"新北市","三重區","仁德里",1332.90973045,1027141.56237,70.09,56.76
"新北市","三重區","忠孝里",976.094904038,752179.702682,68.34,56.46
"新北市","三重區","仁義里",737.165306646,378259.121666,69.11,55.91
"新北市","三重區","光榮里",871.178112219,501050.851676,74.11,55.18
"新北市","三重區","光輝里",1332.92624991,847034.001564,74.13,55.7
"新北市","三重區","福星里",658.282430328,469949.824425,75.49,53.71
"新北市","三重區","福利里",733.473008881,352633.534519,82.78,50.77
"新北市","三重區","清和里",2605.631937,608361.474119,83.31,51.29
"新北市","三重區","永興里",932.145472349,690413.235595,78.44,53.27
"新北市","三重區","中山里",2156.5584977,1573113.33545,75.99,54.14
"新北市","三重區","大園里",1619.62973642,732323.217196,72.93,54.94
"新北市","三重區","國隆里",1124.69541249,620914.694106,77.8,53.74
"新北市","三重區","重陽里",2000.57365574,1143831.90134,74.38,55.09
"新北市","三重區","民生里",2068.97488441,1117744.03479,74.67,54.53
"新北市","三重區","重新里",922.619119792,739947.634863,70.7,56.43
"新北市","三重區","正德里",619.228724713,436389.92677,72.76,54.78
"新北市","三重區","正義里",1926.79350694,1320856.23304,74.54,54.77
"新北市","三重區","正安里",1244.68576602,990364.424114,72.18,55.83
"新北市","三重區","自強里",985.361604637,784026.86426,73.32,55.17
"新北市","三重區","文化里",1929.28832755,1458212.62678,65.62,57.97
"新北市","三重區","中央里",1067.05112526,731069.606782,73.15,54.18
"新北市","三重區","雙園里",728.453690173,499086.070225,71.01,55.71
"新北市","三重區","錦通里",985.483068659,583534.66685,65.75,57.96
"新北市","三重區","錦安里",989.93408803,718603.570818,66.62,57.44
"新北市","三重區","長安里",1599.8237029,905377.495733,71.51,55.88
"新北市","三重區","光華里",1175.59412534,704528.783646,75.14,54.08
"新北市","三重區","長生里",501.712583024,352136.828493,71.43,55.59
"新北市","三重區","開元里",729.915845798,432881.458874,72.74,54.93
"新北市","三重區","大德里",607.188032083,336892.475486,70.22,54.53
"新北市","三重區","長元里",1051.59287915,692693.15487,75.95,54.84
"新北市","三重區","長江里",448.041105928,623179.976651,75.31,53.75
"新北市","三重區","長泰里",1054.63150171,664517.231456,73.54,55.54
"新北市","三重區","長福里",681.886048445,510095.858627,73.54,55.27
"新北市","三重區","介壽里",639.87253659,187799.868787,71.18,55.92
"新北市","三重區","萬壽里",523.582884044,361123.475333,74.38,54.75
"新北市","三重區","錦江里",759.694724517,505156.676425,75.29,55.16
"新北市","三重區","龍濱里",1600.12987204,868869.943088,75.16,53.9
"新北市","三重區","龍門里",1201.38057987,690845.242979,73.16,54.76
"新北市","三重區","秀江里",580.205530215,288744.634092,69.57,56.19
"新北市","三重區","奕壽里",2283.45397576,1361895.69003,76.08,53.05
"新北市","三重區","三安里",1855.0697679,1266535.97652,73.16,54.32
"新北市","三重區","福安里",2095.94152336,1155259.56194,75.91,53.93
"新北市","三重區","信安里",860.523242786,597544.484439,76.63,52.61
"新北市","三重區","安慶里",971.014109372,535302.706818,75.4,54.68
"新北市","三重區","幸福里",3411.36383116,2143055.13616,75.91,54
"新北市","三重區","六合里",2417.06484093,1325547.87427,74.73,54.52
"新北市","三重區","六福里",1445.29514209,1098626.25561,83.32,52.08
"新北市","三重區","順德里",1230.218101,529860.654083,71.17,56
"新北市","三重區","承德里",1231.55971378,614255.043694,66.77,56.4
"新北市","三重區","瑞德里",755.809272127,692400.134173,70.21,55.37
"新北市","三重區","崇德里",2201.29428234,1257223.65521,72.42,54.98
"新北市","三重區","厚德里",1707.75385784,946230.902206,78.07,53.34
"新北市","新莊區","恆安里",1308.89389192,678292.020317,74.79,54.15
"新北市","新莊區","後港里",2956.43306652,1631811.30112,85.92,51.29
"新北市","新莊區","文衡里",942.370825226,662368.615811,70.45,55.66
"新北市","新莊區","中美里",2201.75253997,1602013.77168,77.22,53.27
"新北市","新莊區","八德里",2092.30612322,1311160.95438,81.09,52
"新北市","新莊區","興漢里",1897.07742998,1737934.563,68.61,55.99
"新北市","新莊區","中和里",1908.0403186,967543.171051,73.27,55.2
"新北市","新莊區","西盛里",5678.53754668,5185719.90193,87.6,48.11
"新北市","新莊區","榮和里",2031.3455659,1389300.13817,82.8,52.46
"新北市","新莊區","中泰里",1758.43938745,1097894.1732,72.52,54.24
"新北市","新莊區","瓊林里",5018.78135711,4050445.96573,74.33,54.15
"新北市","新莊區","文德里",965.172348792,631906.72586,74.38,54.1
"新北市","新莊區","中誠里",1124.42208342,669123.130884,77.61,52.98
"新北市","新莊區","裕民里",2922.02162711,1682330.58656,82.29,52.02
"新北市","新莊區","文明里",2503.57943873,2087049.99001,71.39,55.7
"新北市","新莊區","中港里",2720.11905802,2171580.03444,83.89,51.82
"新北市","新莊區","富國里",1215.00184674,779555.236679,81.03,52.84
"新北市","新莊區","思源里",2991.29180747,3368466.50692,78.63,52.75
"新北市","新莊區","立人里",1465.32425192,886272.80484,69.08,55.8
"新北市","新莊區","南港里",1761.05962441,1012913.04833,85.61,50.82
"新北市","三重區","維德里",1513.00010915,888052.1879,77.44,53.58
"新北市","三重區","尚德里",2029.21608576,1221084.99983,74.9,54.28
"新北市","三重區","培德里",2595.99697586,1658727.12295,76.57,53.93
"新北市","三重區","永德里",2168.5395238,1120203.87089,76.5,54.37
"新北市","三重區","永盛里",1474.5566705,857307.652771,76.27,53.86
"新北市","三重區","永福里",2899.32739196,1599490.63449,80.52,52.15
"新北市","三重區","永清里",1826.85888412,1099538.69092,81.08,52.86
"新北市","三重區","永安里",1582.86025745,1030052.72207,81.33,51.91
"新北市","三重區","永煇里",1192.66566343,662493.02906,78.09,54.02
"新北市","三重區","溪美里",3975.67888883,2092824.31114,81.98,51.55
"新北市","三重區","福隆里",3112.38080916,2076964.59819,82.53,51.69
"新北市","三重區","五常里",2003.18643049,1290468.60886,77.4,53.71
"新北市","三重區","五福里",2009.15997892,1105862.89966,81.69,50.6
"新北市","三重區","仁忠里",725.94587385,557515.088784,78.1,53.97
"新北市","三重區","慈福里",1021.89651834,511776.593714,72.33,55.08
"新北市","三重區","慈生里",1340.6024644,671387.905175,69.23,56.28
"新北市","三重區","慈惠里",875.862790425,562491.216048,73.02,55.04
"新北市","三重區","慈愛里",1680.10399599,895152.317769,75.36,54.77
"新北市","三重區","慈化里",850.215345882,608372.13305,78.19,52.88
"新北市","三重區","慈祐里",2626.3562791,1239544.7283,75.77,53.56
"新北市","三重區","五華里",2260.92975827,1118186.48738,82.8,50.69
"新北市","三重區","富貴里",5234.40272065,2573295.56427,85.75,49.44
"新北市","三重區","富華里",1249.96060719,495718.863918,79.26,51.85
"新北市","三重區","富福里",1704.16320728,854054.726382,78.7,53.59
"新北市","三重區","碧華里",3688.44080971,1984644.02623,86.83,47.97
"新北市","三重區","五谷里",1661.77334051,2976905.32224,73.61,55.48
"新北市","三重區","博愛里",1508.6152372,1045244.40502,79.79,53.53
"新北市","三重區","福德里",1833.56218113,1158674.75607,79.8,52.35
"新北市","三重區","永吉里",1150.2527473,609006.653644,81.14,52.18
"新北市","三重區","永發里",2515.81591201,3295151.03468,84.36,50.91
"新北市","三重區","永順里",1938.01319917,921422.651957,82.67,51.92
"新北市","三重區","永豐里",1871.44431416,938087.54144,85.11,51.05
"新北市","三重區","立德里",2067.91138094,1140435.92867,75.72,54.58
"新北市","三重區","福樂里",2150.02432975,1166466.96695,77.5,53.16
"新北市","三重區","仁華里",1892.43401604,1014941.9057,81.11,51.76
"新北市","三重區","五順里",1846.55651953,819290.123553,78.42,53.32
"新北市","中和區","中原里",7144.04354449,15058692.9911,82.47,51.01
"新北市","中和區","平河里",6245.93028017,11694729.3839,83.54,50.47
"新北市","中和區","信和里",1469.14214749,973941.686309,73.71,54.64
"新北市","中和區","仁和里",1953.0110911,964400.928765,77.04,54.45
"新北市","中和區","中正里",1687.66792035,801613.504565,76.01,54.32
"新北市","中和區","建和里",1644.05907853,867427.61105,68.15,56.79
"新北市","中和區","連和里",1669.22875856,3476296.04126,78.44,50.42
"新北市","中和區","連城里",3194.87133006,1943134.34322,71.61,54.8
"新北市","中和區","力行里",3141.89310123,1679342.33012,80.95,51.39
"新北市","中和區","枋寮里",1753.878887,1189572.9099,73.04,54.39
"新北市","中和區","漳和里",2337.36793437,1381769.70359,76.75,53.51
"新北市","中和區","廟美里",2202.71670608,1654008.18378,71.81,55.5
"新北市","中和區","福真里",2391.30562758,1308107.16058,77.04,54.09
"新北市","中和區","福善里",2885.03045987,1741263.85987,75.93,53.41
"新北市","中和區","福美里",2575.12957801,1392636.15539,74.93,55.12
"新北市","中和區","福祥里",1708.80359268,1228201.98499,77.28,52.82
"新北市","中和區","瓦[瑤]里",2461.74565823,1326049.78255,74.69,53.44
"新北市","中和區","福和里",1728.87982658,950991.439753,73.51,55.57
"新北市","中和區","佳和里",2348.8360832,1457090.59509,74.69,53.92
"新北市","中和區","安樂里",2242.39355623,1381409.33012,75.99,54.87
"新北市","中和區","安和里",2027.53518457,767918.803514,74.71,53.47
"新北市","中和區","安平里",2428.88068849,1643210.39726,74.41,53.35
"新北市","中和區","中安里",2740.73297278,1878028.85534,73.56,54.83
"新北市","中和區","泰安里",2533.89215156,1490332.86864,69.72,55.76
"新北市","中和區","新南里",3066.39309075,1612339.20254,80.71,51.83
"新北市","中和區","南山里",2367.63756535,1229651.50692,76.94,52.94
"新北市","中和區","秀山里",2546.16164185,1281489.66919,75.33,54.64
"新北市","中和區","秀成里",1450.28746976,536550.795142,77.48,53.94
"新北市","中和區","秀福里",1802.82833447,988531.540765,74.63,54.75
"新北市","中和區","秀景里",19346.7623818,8246605.66075,78.02,53.16
"新北市","中和區","秀明里",2026.9728331,985374.993853,75.31,53.28
"新北市","中和區","秀峰里",828.825749923,374641.847006,78.41,52.56
"新北市","中和區","秀仁里",1626.51935388,689038.850505,76.1,53.03
"新北市","中和區","頂南里",1326.35037764,794667.563936,75.52,54.8
"新北市","中和區","華新里",3192.89473473,1348742.95272,79.77,51.2
"新北市","中和區","東南里",2069.16413634,1000809.99576,62.54,57.97
"新北市","中和區","華南里",2164.9240869,655565.357665,77.37,51.94
"新北市","中和區","忠孝里",2077.85814233,1068549.3919,71.11,55.52
"新北市","中和區","崇南里",2432.90108914,968283.972962,76.96,53.01
"新北市","中和區","景南里",2697.14017008,1042751.45498,71.43,55.03
"新北市","中和區","橫路里",616.069398656,374079.188036,64.89,57.79
"新北市","中和區","內南里",2429.79201223,1080510.67899,75.67,54.76
"新北市","中和區","壽南里",1330.26959068,759928.147796,70.91,55.79
"新北市","中和區","外南里",2275.06192865,891949.624742,80,53.95
"新北市","中和區","復興里",2431.53783555,1117718.54443,71.31,55.3
"新北市","中和區","和興里",2307.94731716,1147141.36324,77.29,53.1
"新北市","中和區","景平里",3435.28420193,1851494.10364,76.8,52.56
"新北市","中和區","景新里",1717.54396191,965259.397943,71.47,54.88
"新北市","中和區","景福里",3368.14502329,1815864.8606,75.76,53.12
"新北市","中和區","景安里",2323.8511808,1153016.10027,75.7,53.99
"新北市","中和區","景文里",2092.571922,1044065.92555,76.51,53.56
"新北市","中和區","錦和里",2327.74482319,718262.261705,81.86,51.47
"新北市","中和區","錦昌里",1483.3217839,748034.901681,73.67,54.27
"新北市","中和區","灰[瑤]里",1333.86987335,587487.007575,70.31,54.48
"新北市","中和區","積穗里",3105.24370126,2355634.04286,82.91,50.55
"新北市","中和區","民享里",789.432947003,375182.68555,79.49,54.14
"新北市","中和區","員山里",4100.92539456,4793342.76449,82.9,49.73
"新北市","中和區","嘉穗里",1471.84070026,766202.829492,78.34,54.13
"新北市","中和區","文元里",2603.65089901,1418224.46826,75.75,55.03
"新北市","中和區","嘉新里",3007.53591816,1537467.27635,77.04,54.27
"新北市","中和區","民安里",1500.71852073,686211.564545,82.14,52.33
"新北市","中和區","安穗里",2174.35996821,1321068.43731,81,51.38
"新北市","中和區","瑞穗里",1265.13060248,959458.596997,76.64,53.29
"新北市","中和區","明穗里",2890.38615755,1042276.186,80.33,52.65
"新北市","中和區","清穗里",1926.42848814,861999.610974,73.9,54.7
"新北市","中和區","自強里",1649.67700801,708578.041316,82.02,52.48
"新北市","中和區","德穗里",2495.46297386,1196010.58944,72.26,55.27
"新北市","中和區","民生里",1526.12815313,762955.150842,78.18,53.3
"新北市","中和區","國光里",1776.00809141,816282.289501,79.83,52.75
"新北市","中和區","壽德里",1829.10043839,999068.818074,71.96,54.49
"新北市","中和區","明德里",1553.28819873,980212.68111,73.69,54.41
"新北市","中和區","秀水里",2473.35282129,768621.849477,66.56,56.06
"新北市","中和區","德行里",2958.66144828,1748771.78917,85.52,49.26
"新北市","中和區","宜安里",1153.68831706,541127.358737,71.69,55.39
"新北市","中和區","安順里",1643.0298167,1065601.51299,74.88,54.23
"新北市","中和區","秀義里",1186.71475108,561865.979876,73.84,54.16
"新北市","中和區","秀士里",1551.32510301,676978.996698,70.36,54.41
"新北市","中和區","興南里",1796.66045298,1212418.51208,68.76,56.9
"新北市","中和區","景本里",927.557999166,506397.984242,66.1,57.22
"新北市","中和區","福南里",1527.05769032,670889.685797,75.41,53.28
"新北市","中和區","中興里",3686.20448495,1822824.42605,82.46,50.22
"新北市","中和區","吉興里",1570.17144911,812242.155287,82.19,51.21
"新北市","中和區","中山里",1386.93245839,758230.852169,76.83,53.7
"新北市","中和區","碧河里",3663.88878643,8544106.84561,80.44,51.38
"新北市","中和區","錦中里",1776.28284631,615114.814672,78.79,53.39
"新北市","中和區","錦盛里",983.147999689,424133.680581,77.69,53.61
"新北市","中和區","民有里",1645.38437035,824165.535948,74.71,54.59
"新北市","中和區","員富里",1405.67842716,1452267.98408,81.61,51.3
"新北市","中和區","嘉慶里",2366.32749744,1140607.06077,78.09,52.96
"新北市","中和區","冠穗里",1194.64777389,704315.389804,80.93,53.63
"新北市","中和區","國華里",1386.16162474,540219.700588,82.16,52.05
"新北市","中和區","正南里",1441.10724743,795263.246223,70.65,55.54
"新北市","中和區","正行里",2019.19551589,1143991.37406,82.18,50.92
"新北市","永和區","福林里",1530.85730197,1062774.8516,67.29,56.18
"新北市","永和區","文化里",1701.81649125,974156.207128,71.31,54.91
"新北市","永和區","豫溪里",2414.11697031,1628790.00977,74.16,56.05
"新北市","永和區","光明里",1568.97811132,992272.75311,71.79,55.33
"新北市","永和區","仁愛里",1029.33526257,676388.486075,73.62,55.41
"新北市","永和區","永貞里",2221.09898291,1678953.2196,67.23,55.96
"新北市","永和區","永福里",1126.50227401,662210.376332,69.36,56.5
"新北市","永和區","民治里",1797.76054578,963554.571792,69.67,55.89
"新北市","永和區","永成里",562.657203383,333990.943462,62.27,58.17
"新北市","永和區","忠義里",490.625624441,274401.040572,66.15,57.49
"新北市","永和區","永元里",2189.08536645,1077487.57793,73.36,54.8
"新北市","永和區","秀林里",1679.98135125,782166.996532,73.34,54.65
"新北市","永和區","保安里",5245.48247243,2594900.23595,80.7,52.37
"新北市","永和區","中溪里",1940.15423267,1174785.08417,75.44,54.44
"新北市","永和區","永安里",2344.6859253,1022332.05483,76.64,54.01
"新北市","永和區","民族里",1752.34864381,836204.680291,73.02,54.84
"新北市","永和區","民權里",1833.60224368,1224247.05204,74.31,54.51
"新北市","永和區","中興里",1616.87650637,1054032.81873,66.36,57.03
"新北市","永和區","勵行里",914.065288542,643826.441898,70.18,55.09
"新北市","永和區","秀朗里",1703.96157344,813349.244371,74.7,54.55
"新北市","永和區","秀成里",1201.210609,720473.343566,72.9,55.2
"新北市","永和區","上溪里",1022.22479172,633301.404348,68.4,57.14
"新北市","永和區","竹林里",2170.99448548,1155735.82091,68.49,56.43
"新北市","永和區","雙和里",2473.06921644,1751099.37686,74.99,53.74
"新北市","永和區","安和里",2039.88127322,1234516.04617,72.35,54.58
"新北市","永和區","水源里",1873.8495159,1107193.14916,72,54.77
"新北市","永和區","協和里",1873.51384163,1370138.93983,71.87,54.95
"新北市","永和區","河堤里",2400.9629039,966206.274861,75.1,52.69
"新北市","永和區","頂溪里",968.183807466,611088.312174,70.05,55.78
"新北市","永和區","潭墘里",1835.85512529,1009499.5692,73.14,54.43
"新北市","永和區","潭安里",2470.28967605,1122752.82619,72.99,54.39
"新北市","永和區","大新里",1816.69810778,1129613.43494,74.37,54.48
"新北市","永和區","保平里",2247.72697055,1198789.32168,74.02,54.38
"新北市","永和區","民本里",2154.24815713,1173466.98811,79.38,52.11
"新北市","永和區","民樂里",3081.12685936,1082207.15118,75.12,53.93
"新北市","永和區","光復里",702.278889596,7812.84032499,67.87,56.73
"新北市","永和區","復興里",1484.67254804,824444.911253,71.14,56.35
"新北市","永和區","福和里",2748.64572172,1585255.24999,75.25,54.03
"新北市","永和區","得和里",2409.79503092,1378519.3826,71.57,55.12
"新北市","永和區","智光里",2088.75165141,1144894.09513,70.81,55.59
"新北市","永和區","新生里",195.103110649,12306.3286442,66.2,57.16
"新北市","永和區","新生里",195.103110649,12306.3286442,66.2,42
"新北市","永和區","新生里",195.103110649,12306.3286442,100,57.16
"新北市","永和區","新生里",195.103110649,12306.3286442,100,42
"新北市","永和區","大同里",381.370786122,159410.150349,63.7,58.74
"新北市","永和區","前溪里",1161.44670024,707846.615853,71.62,55.08
"新北市","永和區","和平里",2774.69302912,1888673.6046,74.08,54.32
"新北市","永和區","新[部]里",1399.8155808,780542.351815,68.31,56.78
"新北市","永和區","下溪里",1565.82991971,905150.946557,74.94,54.52
"新北市","永和區","秀和里",2882.10281111,1665108.08089,77.33,54.19
"新北市","永和區","河濱里",1266.70421678,664821.609758,73.1,54.39
"新北市","永和區","民生里",1655.05875423,844427.328882,71.25,54.76
"新北市","永和區","秀得里",1129.12127722,584752.423909,78.39,53.82
"新北市","永和區","上林里",1606.71247677,901292.455581,69.17,55.94
"新北市","永和區","網溪里",485.134968209,480376.761955,66.93,57.03
"新北市","永和區","正興里",1446.59679019,1126967.65702,68.16,56.63
"新北市","永和區","永興里",1415.41828705,1005779.07864,65.22,56.98
"新北市","永和區","桂林里",1103.81616794,963811.671066,69.08,56.02
"新北市","永和區","店街里",1998.0814047,1201245.69185,76.28,53.78
"新北市","永和區","信義里",2049.59227824,1323287.41704,73.07,54.69
"新北市","永和區","後溪里",951.851805881,670871.334157,69.88,55.83
"新北市","永和區","民富里",1105.1699695,721953.835927,75.56,53.6
"新北市","永和區","秀元里",1452.84929386,805268.155078,70.49,55.34
"新北市","永和區","永樂里",1270.90573544,859805.150407,76.7,53.11
"新北市","永和區","保順里",3707.56819178,2938960.12581,86.28,49.11
"新北市","新莊區","海山里",2277.78304375,1188438.03988,75.79,53.81
"新北市","新莊區","頭前里",4205.88944981,5597510.29413,86.58,48.28
"新北市","新莊區","國泰里",440.438540564,628389.137137,69.74,56.64
"新北市","新莊區","全安里",2125.79079063,1160051.99547,77.89,52.83
"新北市","新莊區","福基里",2802.67053803,3289575.20938,85.96,47.85
"新北市","新莊區","豐年里",1103.93682668,689004.094772,79.9,52.85
"新北市","新莊區","忠孝里",2974.24535815,1496531.70015,74.57,53.84
"新北市","新莊區","仁愛里",2219.01170395,1158518.65092,73.75,54.77
"新北市","新莊區","立德里",2001.00006898,1489354.33944,75.1,54.46
"新北市","新莊區","信義里",2431.6182671,1677102.84838,82.16,52.33
"新北市","新莊區","立言里",2700.74092625,1288828.09934,79.65,53.73
"新北市","新莊區","民安里",2055.62993686,1383365.46918,86.28,50.2
"新北市","新莊區","和平里",1905.0986658,1410787.98701,83.77,52.56
"新北市","新莊區","立功里",1079.8570051,782407.44096,72.79,55.07
"新北市","新莊區","民本里",1081.91215826,530748.950948,84.38,52.99
"新北市","新莊區","化成里",2149.35666921,3399580.07938,80.65,51.82
"新北市","新莊區","立志里",2320.42717654,1573185.20609,75.62,53.91
"新北市","新莊區","光華里",2299.65875478,1315409.91393,87.3,49.81
"新北市","新莊區","思賢里",1723.49974709,1125806.89995,80.26,52.48
"新北市","新莊區","營盤里",1650.00961201,2228501.06049,73.75,55.97
"新北市","新莊區","光榮里",1592.89514739,801474.75003,85.63,49.56
"新北市","新莊區","自強里",1347.53781271,831193.406174,73.03,54.89
"新北市","新莊區","光明里",2165.1418159,1094551.59318,86.86,50.52
"新北市","新莊區","自立里",1618.59244964,987938.785331,79.71,52.39
"新北市","新莊區","合鳳里",1690.92694728,866463.080699,81.92,52.29
"新北市","新莊區","幸福里",1741.80610766,1023834.29058,78.19,53.4
"新北市","新莊區","自信里",1334.99946049,906067.944751,77.88,52.99
"新北市","新莊區","龍鳳里",4002.46529793,1793384.71876,89.2,47.39
"新北市","新莊區","昌隆里",2083.55565716,1893881.54397,88.52,49.39
"新北市","新莊區","中平里",3476.16505613,2208841.87168,89.9,47.4
"新北市","新莊區","立廷里",3865.27470087,2624294.51502,90.61,46.31
"新北市","新莊區","泰豐里",5082.46970177,2364620.53668,78.21,52.42
"新北市","新莊區","富民里",739.443851221,539354.036151,87.51,49.94
"新北市","新莊區","祥鳳里",956.908574374,431577.818891,83.65,50.54
"新北市","新莊區","民全里",1245.55579902,789537.145564,87.75,49.86
"新北市","新莊區","民有里",1970.3824217,886358.748973,88.33,49.38
"新北市","新莊區","光正里",1533.92820056,763976.347893,88.59,48.68
"新北市","新莊區","光和里",797.398792645,498393.994209,86.23,51.07
"新北市","新店區","國豐里",1550.78133207,1015935.49306,66.74,56.98
"新北市","新店區","明德里",2199.23029626,1508743.07646,72,55.58
"新北市","新店區","大豐里",2138.73967989,1081959.64807,73.1,55.33
"新北市","新店區","大同里",1756.45758315,1544205.23499,72.74,55.29
"新北市","新店區","江陵里",2061.53865475,2349894.41817,76.22,54.25
"新北市","新店區","寶興里",2430.65532356,3722230.29966,74.92,54.12
"新北市","新店區","寶安里",3022.71251068,2383031.08443,72.1,55.51
"新北市","新店區","信義里",3007.72908653,2326931.69435,77.03,53.57
"新北市","新店區","忠孝里",1221.4855314,540578.204127,73.53,54.22
"新北市","新店區","大鵬里",1374.32726979,501248.911822,71.42,54.86
"新北市","新店區","太平里",2347.15914984,1043229.16104,74.42,53.94
"新北市","新店區","頂城里",720.909999657,579231.71537,67.65,57.38
"新北市","新店區","下城里",1943.92801734,1201576.75828,75.84,54.38
"新北市","新店區","柴埕里",2889.32835627,1718362.52505,80.34,51.58
"新北市","新店區","永安里",2295.30087611,794297.219046,76.78,53.1
"新北市","新店區","公崙里",4553.03738176,2626675.38688,79.83,51.61
"新北市","新店區","德安里",4515.32173136,2247212.26387,77.64,53.5
"新北市","新店區","雙城里",3314.5084885,1334231.69058,74.37,55.36
"新北市","新店區","日興里",1794.01130087,774140.989007,75.9,54.33
"新北市","新店區","玫瑰里",2893.45412056,1120186.2806,77.77,53.76
"新北市","新店區","塗潭里",1624.85077433,1026498.3952,56.32,60.16
"新北市","新店區","美潭里",1418.9840198,611892.190115,77.15,53.71
"新北市","新店區","員潭里",2501.55885034,1515358.96317,76.3,52.93
"新北市","新店區","雙坑里",688.621802939,271452.45631,60.76,60.89
"新北市","新店區","粗坑里",1155.62939922,409192.259271,72.62,55.65
"新北市","新店區","屈尺里",842.318742824,356896.663702,60.23,60.33
"新北市","新店區","龜山里",456.250305591,131804.227928,63.11,59.07
"新北市","新店區","廣興里",1480.4337413,447783.470082,60.8,59.63
"新北市","新店區","直潭里",1047.30186008,394005.91944,62.2,57.96
"新北市","新店區","青潭里",2443.53916579,995605.248592,80.75,52.62
"新北市","新店區","新店里",1428.89120271,709378.910357,69.09,56.6
"新北市","新店區","張南里",1277.25887261,685603.895773,73.48,53.34
"新北市","新店區","國校里",1247.05673107,544758.236347,77.26,53.66
"新北市","新店區","文中里",1344.88275337,584975.745445,71.97,54.83
"新北市","新店區","廣明里",643.439751589,235721.667498,67.49,56.78
"新北市","新店區","文明里",1417.122339,768173.914655,68,58
"新北市","新店區","中興里",3031.41953199,1359149.10235,77.29,54.47
"新北市","新店區","新生里",1781.05487486,1510970.45905,68.8,55.58
"新北市","新店區","新德里",1201.98868115,834451.704324,68.34,56.48
"新北市","新店區","張北里",3806.09410364,2707638.07698,75.04,53.28
"新北市","新店區","五[峰]里",4567.08195769,2642886.51478,73.86,54.68
"新北市","新店區","新安里",1850.76154628,1214548.5544,72.39,54.49
"新北市","新店區","忠誠里",1054.00960382,697076.900539,71.87,55.64
"新北市","新店區","中正里",3664.26626037,2123010.82381,66.62,56.58
"新北市","新店區","中華里",3126.21811178,1395529.29859,71.22,54.94
"新北市","新店區","仁愛里",1185.85449371,890073.389979,68.15,56.59
"新北市","新店區","百忍里",1538.75827733,878593.03992,66.81,57.06
"新北市","新店區","百和里",1641.13123124,1087794.25,70.59,55.39
"新北市","新店區","福德里",1396.21146512,908656.258475,69.98,55.59
"新北市","新店區","百福里",1130.50977976,590362.495433,72.14,54.74
"新北市","新店區","福民里",3398.09543015,1455212.96723,69.85,55.55
"新北市","新店區","中山里",3183.18474067,2168151.52848,76.92,52.41
"新北市","新店區","和平里",45.5603950498,32172.5276585,65.91,55.97
"新北市","新店區","中央里",3402.1253748,1883350.18538,73.47,54.11
"新北市","新店區","明城里",662.654458486,295177.433432,77.87,53.15
"新北市","新店區","安和里",4948.98894747,2296112.83814,81.93,51.02
"新北市","新店區","吉祥里",1555.88352709,763717.831436,74.33,54.56
"新北市","新店區","寶福里",4829.59508366,9308324.79576,77.95,52.34
"新北市","新店區","小城里",1765.8879839,789679.137087,73.56,54.67
"新北市","新店區","香坡里",4993.73469965,1924174.71459,83.87,50.1
"新北市","新店區","建國里",1289.83390314,728579.316713,69.47,55.96
"新北市","新店區","復興里",4484.93252617,10754941.1907,76.31,54.15
"新北市","新店區","美城里",476.312735255,254119.034235,77.19,53.77
"新北市","新店區","安昌里",2242.72451198,1254284.13479,85.55,49.96
"新北市","新店區","長春里",417.872103036,179320.779076,78.8,53.27
"新北市","新店區","新和里",2061.65476572,964142.265761,80.91,51.83
"新北市","新店區","永平里",1535.91002371,908371.993305,81.06,51.52
"新北市","新店區","達觀里",2483.72722859,717376.417548,83.53,50.32
"新北市","新店區","華城里",935.698251013,570008.832268,82.7,52.91
"新北市","樹林區","三多里",1820.21368687,1850432.04951,84.57,51.86
"新北市","樹林區","樹興里",1605.31990716,698346.02224,78.92,52.35
"新北市","樹林區","樹福里",2089.95852485,1325917.34339,76.92,52.69
"新北市","樹林區","金寮里",1768.3878741,955419.117403,81.83,51.84
"新北市","樹林區","彭興里",2664.44264337,1352821.85207,86.44,51.09
"新北市","樹林區","文林里",2183.91346469,928105.546834,86.18,50.36
"新北市","樹林區","山佳里",1483.80322093,848481.987688,85.36,50.77
"新北市","樹林區","中山里",2120.28247771,1193628.4548,78.62,53.03
"新北市","樹林區","育英里",1838.00019329,964554.295058,76.24,53.87
"新北市","樹林區","中華里",1155.4294967,781224.168008,87.25,49.14
"新北市","樹林區","太順里",1506.21743734,892727.871328,84.78,52.08
"新北市","樹林區","圳民里",658.522053202,667770.18781,87.84,50.48
"新北市","樹林區","圳生里",1211.18947497,1664179.66347,84.62,52.71
"新北市","鶯歌區","東鶯里",754.350953612,455099.219617,71.64,56.05
"新北市","鶯歌區","西鶯里",1239.78968772,644970.665186,70.62,56.09
"新北市","鶯歌區","南鶯里",2865.23161003,1743213.98196,76.29,53.3
"新北市","鶯歌區","北鶯里",1133.41272627,592427.496124,83.97,50.08
"新北市","鶯歌區","中鶯里",593.102777048,551493.978525,71.22,55.1
"新北市","鶯歌區","建德里",1063.84867111,613583.968478,71.2,55.98
"新北市","鶯歌區","同慶里",1378.12677086,914936.586866,78.12,52.45
"新北市","鶯歌區","永昌里",3282.66108833,1609374.64831,80.71,51.63
"新北市","鶯歌區","南靖里",2371.2184252,1277719.30707,73.39,54.89
"新北市","鶯歌區","建國里",3167.80464873,1707310.24369,84.27,50.27
"新北市","三峽區","三峽里",363.978047108,300744.514016,65.38,59.22
"新北市","三峽區","秀川里",467.477396178,201843.133243,68.9,53.86
"新北市","三峽區","八張里",995.479427507,516386.567246,79.06,51.95
"新北市","三峽區","中埔里",1356.91744431,443464.910548,85.38,50.07
"新北市","三峽區","永[館]里",4078.33639748,2846058.01904,75.72,53.12
"新北市","三峽區","礁溪里",4019.51661308,2088525.48915,84.42,50.38
"新北市","三峽區","龍埔里",6046.02911261,3031144.5808,83.03,50.21
"新北市","三峽區","嘉添里",803.183603887,296480.450964,67.77,57.3
"新北市","三峽區","添福里",873.04326336,392539.268888,69.67,56.68
"新北市","三峽區","溪北里",1039.27953448,482628.608284,69.77,56.26
"新北市","三峽區","溪南里",727.429266004,392931.514963,67.37,56.98
"新北市","三峽區","溪東里",821.623981326,385466.316631,75.12,54.98
"新北市","三峽區","成福里",609.280190803,276909.396187,64.65,59.39
"新北市","三峽區","安坑里",287.157301263,111788.94351,59.54,60.36
"新北市","三峽區","竹崙里",858.711339298,287760.922167,68.53,58.1
"新北市","三峽區","介壽里",2680.65374928,1533490.13989,86.63,50.01
"新北市","三峽區","安溪里",2730.2299529,1268120.62517,84.63,50.7
"新北市","三峽區","中正里",2362.78992718,1044352.31668,79.95,52.4
"新北市","三峽區","龍學里",4891.01145491,2304618.46484,87.48,46.24
"新北市","三峽區","龍恩里",6223.43873402,3338534.26723,87.92,46.65
"新北市","淡水區","中和里",549.527179369,275197.977733,55.98,61.12
"新北市","淡水區","屯山里",521.164276626,267140.762625,57.22,60.71
"新北市","淡水區","賢孝里",942.624014938,491720.571512,66.82,57.03
"新北市","淡水區","興仁里",931.944771795,400203.015011,67.59,57.68
"新北市","淡水區","蕃薯里",692.114814037,209358.985789,74.31,55.29
"新北市","淡水區","義山里",838.991375632,398730.886437,74.94,54.6
"新北市","淡水區","忠山里",680.447064207,205829.588323,62.68,58.53
"新北市","淡水區","崁頂里",5519.55345788,2179609.0281,87.41,46.96
"新北市","淡水區","埤島里",1439.54817935,588901.269513,72.87,53.09
"新北市","淡水區","新興里",3652.61600972,1677475.73914,86.68,48.6
"新北市","淡水區","水碓里",3567.57701557,1804021.71159,80.07,52.62
"新北市","淡水區","北投里",5337.03979919,2096574.49571,87.13,46.93
"新北市","淡水區","水源里",1656.40400092,642580.279496,69.88,56.1
"新北市","淡水區","忠寮里",562.148566159,223322.847234,58.19,60.79
"新北市","淡水區","樹興里",1086.47500708,484735.985833,70.92,55.81
"新北市","淡水區","坪頂里",2154.96182649,1138050.74117,75.58,54.66
"新北市","淡水區","福德里",3957.66492435,2291419.7045,82.03,51.89
"新北市","淡水區","竹圍里",2608.51614646,2527980.85769,81.04,51.84
"新北市","淡水區","民生里",4664.1016662,2699957.22478,79.21,52.04
"新北市","淡水區","八勢里",5413.75646256,4486805.60801,81.88,50.66
"新北市","淡水區","竿蓁里",7816.36924422,4342956.64974,81.83,50.02
"新北市","淡水區","鄧公里",4335.63584109,1946558.31348,82.78,51.53
"新北市","淡水區","中興里",3964.66091061,1875724.09087,67.04,57
"新北市","淡水區","長庚里",1126.5559708,1077115.66793,63.48,57.98
"新北市","淡水區","清文里",1046.16027535,546551.584917,70.53,56.21
"新北市","淡水區","草東里",1367.20720134,1158406.24899,67.9,58.03
"新北市","淡水區","協元里",1259.86595132,616322.049629,74.28,55.04
"新北市","淡水區","永吉里",513.915717304,367863.377361,73.44,55.73
"新北市","淡水區","民安里",486.182397139,44184.7938857,56.85,59.93
"新北市","淡水區","新生里",83.174758345,81040.313742,70.87,55.47
"新北市","汐止區","八連里",1080.63966378,457277.191698,73.29,55.63
"新北市","汐止區","樟樹里",2012.78833801,2857550.6269,75.9,53.88
"新北市","汐止區","北峰里",2577.09389401,1358960.09369,80.07,52.6
"新北市","汐止區","北山里",3759.50944582,3267969.31177,83.46,51.84
"新北市","汐止區","白雲里",2964.04999154,3230739.35695,79.83,51.9
"新北市","汐止區","橫科里",3652.3071984,4298604.33217,75.6,54.94
"新北市","汐止區","東山里",821.613616372,407631.289535,76.95,55.04
"新北市","汐止區","福山里",2293.24047724,1027583.82347,76.07,54.89
"新北市","汐止區","宜興里",1648.71566417,807527.81011,73.37,55.28
"新北市","汐止區","中興里",4951.63496227,3131983.3059,84.04,50.97
"新北市","汐止區","湖光里",3491.73867012,1460974.9695,85.04,50.07
"新北市","汐止區","仁德里",621.326421003,368476.791941,73.35,55.03
"新北市","汐止區","厚德里",3437.2106605,1904245.40294,85.57,49.53
"新北市","汐止區","忠孝里",3574.3268643,2208300.52777,84.49,50.36
"新北市","汐止區","自強里",2357.60556054,1768568.32753,82.8,51.11
"新北市","汐止區","文化里",1826.9585993,1275984.32475,83.41,50.29
"新北市","汐止區","金龍里",2350.5394763,984453.535815,85.12,50.68
"新北市","汐止區","福德里",1763.29289793,1211737.03189,84.44,50.72
"新北市","汐止區","興福里",1594.61271909,1009188.96518,85.24,50.54
"新北市","汐止區","康福里",3214.58324202,1408703.96438,88.69,47.17
"新北市","汐止區","忠山里",1567.14249562,800146.961591,75.53,54.91
"新北市","汐止區","環河里",988.953895149,2211842.1717,75.62,54.59
"新北市","汐止區","東勢里",1944.89726313,1566197.19666,79.96,52.08
"新北市","汐止區","山光里",1907.48530864,1338661.05723,84,50.43
"新北市","汐止區","大同里",1490.00095902,1129693.40317,81.43,51.31
"新北市","汐止區","崇德里",3355.93494841,1497773.87257,82.39,50.68
"新北市","汐止區","湖興里",2858.60206496,1461933.38894,82.07,51.01
"新北市","汐止區","長青里",343.765429583,135102.186918,67.62,59.08
"新北市","汐止區","福安里",2299.31836779,1212741.91499,85.96,48.31
"新北市","汐止區","秀山里",1581.17159096,1010360.79118,81.33,52.2
"新北市","汐止區","建成里",2956.58475944,1568492.88651,86.07,49.1
"新北市","汐止區","城中里",2062.89256689,1292883.24116,83.02,50.11
"新北市","汐止區","湖蓮里",2568.34580482,1274246.99218,81.66,50.8
"新北市","汐止區","保新里",3765.1385799,1596831.04654,84.26,49.18
"新北市","瑞芳區","龍潭里",327.49301651,312493.530075,65.98,58.06
"新北市","瑞芳區","龍興里",873.321341422,543801.967006,70.58,56.37
"新北市","瑞芳區","龍鎮里",706.376324848,297447.009642,61.84,58.41
"新北市","瑞芳區","龍川里",766.023248837,615933.235088,70.47,55.13
"新北市","瑞芳區","龍山里",623.981446614,294129.290656,71.53,55.82
"新北市","瑞芳區","龍安里",597.666789353,276757.759246,73.93,56.25
"新北市","瑞芳區","爪[峰]里",2127.767043,690895.242035,67.2,56.6
"新北市","瑞芳區","柑坪里",1475.86423241,668445.133947,62.59,58.42
"新北市","瑞芳區","東和里",355.505055669,275463.818028,58.67,59.6
"新北市","瑞芳區","上天里",911.87540197,379223.614769,65.05,58.55
"新北市","瑞芳區","吉慶里",929.195200103,382382.428713,72.38,55.94
"新北市","瑞芳區","吉安里",1727.99331411,712831.558208,71.37,57.11
"新北市","瑞芳區","傑魚里",1265.04426782,569069.026602,70.99,56.59
"新北市","瑞芳區","猴硐里",227.7440074,72608.7125088,59.8,60.31
"新北市","瑞芳區","光復里",231.464358106,73794.8243978,56.55,61.54
"新北市","瑞芳區","弓橋里",274.33544753,87462.866172,69.06,57.29
"新北市","瑞芳區","碩仁里",617.430372611,196847.438187,65.43,57.62
"新北市","瑞芳區","基山里",61.0896702041,27617.1022793,58.8,61.56
"新北市","瑞芳區","永慶里",56.7238880121,25643.4420366,59.58,61.09
"新北市","瑞芳區","崇文里",5.43053240147,2455.00701283,59.17,61.11
"新北市","瑞芳區","福住里",61.7535275355,41785.0329572,58.1,60.31
"新北市","瑞芳區","頌德里",95.5336309329,64642.0710908,51.56,62.57
"新北市","瑞芳區","新山里",91.135557251,41200.0915617,57.92,61.66
"新北市","瑞芳區","瓜山里",80.6096070023,25699.7312338,60.53,62.2
"新北市","瑞芳區","銅山里",245.914921877,111171.94653,43.52,64.08
"新北市","瑞芳區","石山里",171.365584008,77470.0672782,51.83,63.17
"新北市","瑞芳區","海濱里",878.065741637,594136.196217,76.66,54.34
"新北市","瑞芳區","瑞濱里",1035.51816141,544927.316007,79.24,52.84
"新北市","瑞芳區","深澳里",337.9847336,157132.866344,72.88,54.52
"新北市","瑞芳區","南雅里",1153.36038036,521405.198014,67.03,59.65
"新北市","瑞芳區","鼻頭里",322.768429295,145915.48284,59.85,59.51
"新北市","瑞芳區","新峰里",1001.46379565,481940.258799,76.12,53.31
"新北市","土城區","埤塘里",3511.42931377,2298033.64192,86.04,51.59
"新北市","土城區","土城里",585.675638955,263227.975088,75.92,53.97
"新北市","土城區","員林里",3191.66003758,1403599.32376,80.16,52.21
"新北市","土城區","員仁里",3083.32664514,3525342.45815,80.89,52.6
"新北市","土城區","長風里",985.986813771,599430.60995,69.79,56.56
"新北市","土城區","日新里",2522.3900792,1304878.92756,80.55,52.77
"新北市","土城區","日和里",4015.16462308,2223793.34281,83.59,51.46
"新北市","土城區","貨饒里",1745.9745621,1330349.43816,83.41,52.37
"新北市","土城區","柑林里",1379.19103123,1163475.96041,86.68,49.34
"新北市","土城區","埤林里",3616.89643828,2272327.4266,86.69,50.8
"新北市","土城區","瑞興里",1396.40141423,717518.157714,77.29,53.84
"新北市","土城區","清水里",3099.21172163,1442405.67926,85.61,50.51
"新北市","土城區","清和里",1755.50999197,1097728.05148,82.43,52.01
"新北市","土城區","永豐里",1880.74792617,862730.57979,83.1,50.42
"新北市","土城區","清化里",925.488914659,834523.572675,74.72,53.87
"新北市","蘆洲區","中華里",1694.70576825,1515248.83282,77.21,53.61
"新北市","蘆洲區","得仁里",2161.33331018,1475228.55321,80.4,52.49
"新北市","蘆洲區","仁德里",1838.48987585,1319469.68336,81.87,52.36
"新北市","蘆洲區","仁義里",1519.41004808,1073932.50521,87.37,49.95
"新北市","蘆洲區","光明里",1764.12705989,1085076.4068,84.14,51.45
"新北市","蘆洲區","保新里",1821.76108845,1900766.57773,78.78,54.55
"新北市","蘆洲區","長安里",2342.23933541,1506619.25944,85.15,50.97
"新北市","蘆洲區","民和里",927.101085611,629106.253968,75.36,54.62
"新北市","蘆洲區","忠孝里",1272.72226906,771398.328942,85.56,52.05
"新北市","蘆洲區","福安里",1439.85010843,970166.746075,84.33,51.63
"新北市","蘆洲區","永安里",2002.76515941,1376919.11564,84.4,51.01
"新北市","蘆洲區","延平里",1973.5009544,1142683.98932,85.83,50.21
"新北市","蘆洲區","成功里",3179.79972245,2006325.68362,86.87,50.1
"新北市","蘆洲區","永德里",2040.75928199,1336151.99597,86.51,50.55
"新北市","五股區","興珍里",3477.43006029,5086673.76382,78.35,54.38
"新北市","五股區","更寮里",1807.99116387,3181473.99269,68.72,57.94
"新北市","五股區","集福里",682.573041914,440384.733567,81.14,50.98
"新北市","五股區","觀音里",873.664384316,780740.451661,62.64,59.16
"新北市","五股區","成州里",2992.35516361,1523139.30636,81.4,51.74
"新北市","五股區","成功里",1822.83559415,986502.833496,87.85,48.64
"新北市","五股區","五龍里",619.60359745,632716.211067,64.98,58.65
"新北市","五股區","五股里",2321.07238192,1762068.54154,79.29,52.86
"新北市","五股區","五福里",2207.423282,956298.342056,82.98,51.46
"新北市","五股區","德音里",2532.78749344,1505775.23293,85.71,50.59
"新北市","五股區","陸一里",1479.08506544,614746.806619,48.49,62.81
"新北市","五股區","貿商里",808.726073392,400631.183772,63.42,57.19
"新北市","五股區","德泰里",1968.9541851,1156620.42022,85.83,49.13
"新北市","五股區","成德里",2392.94443235,1361880.56768,74.36,54.42
"新北市","五股區","六福里",1215.61966153,640072.853609,86.68,49.78
"新北市","五股區","集賢里",1691.69781802,766004.821059,83.87,51.13
"新北市","五股區","民義里",2026.28579086,1099084.4449,78.61,52.63
"新北市","五股區","成泰里",1699.73303588,1747465.50833,87.59,47.54
"新北市","五股區","水碓里",4718.84168029,3452210.93535,85,51.13
"新北市","五股區","福德里",906.232761547,685977.504388,83.36,49.38
"新北市","泰山區","黎明里",1981.37630339,829021.988626,81.92,50.8
"新北市","泰山區","山腳里",3367.66748929,1920010.47639,82.47,51.42
"新北市","泰山區","福泰里",1267.38011906,1104853.25024,73.06,55.46
"新北市","泰山區","楓樹里",3380.2853434,3278397.38005,78.13,51.2
"新北市","泰山區","同榮里",1768.87363902,1292414.13251,79.03,53.04
"新北市","泰山區","義學里",3045.94650246,1315404.21815,82.2,51.52
"新北市","泰山區","明志里",954.493775102,618394.27238,82.49,53.59
"新北市","泰山區","貴子里",2304.20671574,1473109.75509,79.57,52.78
"新北市","泰山區","貴和里",3075.64350906,2478668.59693,82.3,52.19
"新北市","泰山區","同興里",1950.44745201,1189436.0773,80.13,50.93
"新北市","泰山區","義仁里",2899.18246835,3295624.51777,85.74,48.76
"新北市","泰山區","泰友里",758.016582437,506777.931998,77.12,54.08
"新北市","泰山區","新明里",904.355817707,856905.829033,83.23,52.25
"新北市","泰山區","貴賢里",1577.80438987,1397372.71282,78.97,52.74
"新北市","泰山區","福興里",2735.62165039,1822329.48833,78.89,50.65
"新北市","泰山區","全興里",2961.45569205,2144224.7432,90.83,45.24
"新北市","林口區","東林里",1827.43830808,1247892.30104,78.01,53.4
"新北市","林口區","林口里",4337.57037186,1970393.00867,81.34,51.32
"新北市","林口區","西林里",4004.00317163,2232119.91354,84.04,49.61
"新北市","林口區","菁湖里",1842.29667903,1060491.74546,77.07,53.48
"新北市","林口區","中湖里",2889.91531959,1834229.28001,77.23,51.89
"新北市","林口區","湖北里",721.932295065,566986.085102,71.97,55.38
"新北市","林口區","湖南里",10061.6781408,4786856.62177,87.81,46.12
"新北市","林口區","嘉寶里",300.855757718,189655.1901,69.89,56.46
"新北市","林口區","瑞平里",183.718118317,146504.646667,74.03,54.83
"新北市","林口區","太平里",198.612939879,158382.41131,75.92,52.1
"新北市","林口區","仁愛里",3286.60607229,1777163.85554,84.49,49.69
"新北市","深坑區","深坑里",1187.9081286,514278.665747,79.36,53.5
"新北市","深坑區","萬順里",945.356166363,876527.988531,77.6,52.59
"新北市","深坑區","土庫里",1286.83366275,609261.690902,76.75,53.66
"新北市","深坑區","昇高里",1411.19729386,695710.208432,73.72,55.5
"新北市","深坑區","阿柔里",1907.73350354,2373940.36781,67.86,58.53
"新北市","深坑區","埔新里",2850.92445581,1117314.97438,84.28,51.28
"新北市","深坑區","萬福里",2156.75794158,2179186.45097,77.51,52.4
"新北市","深坑區","賴仲里",1372.5180384,845836.893261,79.64,52.89
"新北市","石碇區","石碇里",9.01525658179,2900.41666976,67.39,58.95
"新北市","石碇區","潭邊里",297.314162778,106603.616451,64.84,57.77
"新北市","石碇區","隆盛里",302.692781509,122505.117993,63.25,59.44
"新北市","石碇區","烏塗里",179.105458811,44140.0591564,60.33,59.3
"新北市","石碇區","彭山里",107.096127032,39002.4342589,62.58,59.81
"新北市","石碇區","豐田里",478.207020977,174154.177323,55.61,61.85
"新北市","石碇區","永定里",318.182655193,124965.886026,65.22,57.89
"新北市","石碇區","中民里",192.687834419,75421.0742457,65.42,58.29
"新北市","石碇區","光明里",463.92957108,187760.496178,63.01,61.1
"新北市","石碇區","豐林里",58.0011653491,23474.0966382,66.96,58.14
"新北市","石碇區","永安里",627.877051969,160404.044776,65.92,56.59
"新北市","石碇區","格頭里",364.258275708,90468.1773489,66.26,58.42
"新北市","坪林區","粗窟里",616.144300156,218617.308801,54.02,61.2
"新北市","坪林區","坪林里",163.760152947,65480.8467894,58.64,59.48
"新北市","坪林區","大林里",251.824090751,72816.1112777,61.94,58.57
"新北市","坪林區","石[曹]里",413.723085827,95360.3695458,54.77,62.09
"新北市","坪林區","上德里",535.424738244,208067.246269,59.82,60.23
"新北市","坪林區","水德里",88.4015768457,20375.9648065,57.45,60.75
"新北市","坪林區","漁光里",207.37365022,47798.222039,53.75,62.44
"新北市","三芝區","八賢里",811.740515031,246258.06228,55.84,61.1
"新北市","三芝區","埔頭里",2305.700968,900693.984308,79.88,53.11
"新北市","三芝區","古庄里",657.264075259,177125.788972,69.23,57.71
"新北市","三芝區","新庄里",572.302191598,166583.186511,60.11,60.02
"新北市","三芝區","埔坪里",4611.01872644,1948340.09673,76.95,53.16
"新北市","三芝區","茂長里",410.060726949,119358.659745,71.38,55.65
"新北市","三芝區","橫山里",642.184834449,187723.449886,54.82,61.29
"新北市","三芝區","錫板里",1659.18108999,420900.461124,51.17,62.05
"新北市","三芝區","後厝里",2078.67459817,527317.423141,70,56.34
"新北市","三芝區","福德里",1074.29126497,330577.414201,68.33,57.48
"新北市","三芝區","圓山里",834.679434913,251784.891127,60.09,59.85
"新北市","三芝區","店子里",300.85590618,90754.568058,54.17,61.81
"新北市","三芝區","興華里",301.084560557,90823.5427027,66.54,58.69
"新北市","石門區","德茂里",404.284148864,131231.194572,73.86,55.37
"新北市","石門區","富基里",605.754327494,220510.178986,68.36,57.23
"新北市","石門區","老梅里",454.241051479,149374.256221,66.39,56.8
"新北市","石門區","山溪里",1210.54293377,453906.981918,65.66,57.92
"新北市","石門區","石門里",452.516266681,158305.343655,71.15,55.5
"新北市","石門區","尖鹿里",167.723307716,54377.1336613,71.98,54.66
"新北市","石門區","乾華里",297.444875893,95902.1272154,57.53,59.65
"新北市","石門區","茂林里",166.826162462,53788.063443,63.6,57.89
"新北市","石門區","草里里",189.449324974,61082.219722,69.27,56.06
"新北市","八里區","龍源里",5670.12156943,2892423.8227,81.91,52.08
"新北市","八里區","米倉里",3387.74141273,2056516.58238,77.01,53.25
"新北市","八里區","大崁里",2793.47702498,1958960.29472,81.96,50.47
"新北市","八里區","埤頭里",1778.98363995,1316899.08086,79.41,52.22
"新北市","八里區","頂罟里",2766.30459138,1702624.37542,81.84,51.26
"新北市","八里區","舊城里",3225.32581456,1752173.7661,84.29,50.92
"新北市","八里區","訊塘里",3519.62530975,2486119.33247,82.17,50.78
"新北市","八里區","荖阡里",945.10444753,470925.327881,72.82,54.21
"新北市","八里區","長坑里",871.137986166,635153.050419,62.36,58.91
"新北市","八里區","下罟里",314.724340905,228852.218979,69.52,55.97
"新北市","平溪區","薯榔里",130.410646891,37426.3794055,52.4,62.65
"新北市","平溪區","菁桐里",34.5720566004,9921.78888764,64.23,59.09
"新北市","平溪區","白石里",42.9836006057,12335.8067982,63.7,57.92
"新北市","平溪區","石底里",114.785967633,32942.2733303,48.89,63.39
"新北市","平溪區","平溪里",92.9633148394,26679.4190115,55.56,62.61
"新北市","平溪區","嶺腳里",159.2986023,47365.1882743,54.23,62.34
"新北市","平溪區","東勢里",652.411378484,187234.68031,52.46,62.61
"新北市","平溪區","望古里",224.053340625,66907.6761912,58.25,59.16
"新北市","平溪區","南山里",225.883339867,67454.1576513,49.53,62.71
"新北市","平溪區","平湖里",231.548867259,69146.0193799,53.61,60.31
"新北市","平溪區","十分里",61.9461287318,18498.5928392,48.07,64.04
"新北市","平溪區","新寮里",283.030440308,84519.6460787,57.73,62.62
"新北市","雙溪區","雙溪里",19.0609820533,6674.18188299,57.21,62.16
"新北市","雙溪區","共和里",102.568420666,28203.102153,54.73,60.83
"新北市","雙溪區","新基里",672.967706262,235638.901522,54.79,61.19
"新北市","雙溪區","魚行里",1002.95078414,338453.759286,60,60.99
"新北市","雙溪區","三港里",318.109525957,90973.8329715,46.77,64.76
"新北市","雙溪區","牡丹里",698.471166912,204683.222564,53.76,62.49
"新北市","雙溪區","三貂里",645.118217684,184492.673729,61.49,59.94
"新北市","雙溪區","平林里",288.715005768,81576.4438042,61.27,59.81
"新北市","雙溪區","上林里",139.047183576,34680.5371612,48.49,63.49
"新北市","雙溪區","外柑里",181.635364074,45302.6938883,55.8,62.92
"新北市","雙溪區","長源里",184.28776271,45964.243494,51.34,63.39
"新北市","雙溪區","泰平里",976.920614143,243659.24423,57.33,61.2
"新北市","貢寮區","貢寮里",135.69777885,43950.0775425,51.81,61.91
"新北市","貢寮區","吉林里",697.865438696,221072.173531,63.64,60.43
"新北市","貢寮區","雙玉里",804.918370692,323922.21254,50.78,62.86
"新北市","貢寮區","龍崗里",221.520848134,70174.1233537,54.79,62.55
"新北市","貢寮區","龍門里",354.20892509,169459.368644,53.31,62.18
"新北市","貢寮區","福隆里",632.605414953,273395.976692,52.68,61.31
"新北市","貢寮區","仁里里",728.365656079,310507.556172,65.48,57.24
"新北市","貢寮區","真理里",1238.91857071,635665.41826,59.64,58.82
"新北市","貢寮區","福連里",965.417039394,611592.203754,56.55,62.34
"新北市","貢寮區","美豐里",465.718701197,279865.324115,45.34,64.69
"新北市","貢寮區","和美里",641.48151904,385486.845984,54.96,60.84
"新北市","金山區","和平里",467.922983025,312384.877146,59.39,59.18
"新北市","金山區","大同里",134.859659954,73672.7379776,57.25,61.21
"新北市","金山區","豐漁里",675.762333282,369163.479517,55.76,59.45
"新北市","金山區","磺港里",556.0558865,274999.175584,60.57,58.72
"新北市","金山區","美田里",1187.57018514,506823.645941,77.15,53.11
"新北市","金山區","五湖里",834.109112734,300735.367008,66.45,56.67
"新北市","金山區","重和里",1928.72372405,544173.236162,67.65,57.71
"新北市","金山區","兩湖里",571.085847954,195290.928201,57.35,59.92
"新北市","金山區","六股里",406.120259906,138878.59908,61.21,59.02
"新北市","金山區","三界里",481.535743744,164667.996405,50.68,62.96
"新北市","金山區","清泉里",227.498121988,84138.8668328,59.32,60.23
"新北市","金山區","萬壽里",225.973034495,89606.341071,53.01,60.91
"新北市","金山區","西湖里",387.539474278,153673.177811,47.46,62.68
"新北市","金山區","永興里",446.562394043,177077.863646,55.69,61.66
"新北市","金山區","金美里",1564.06497899,1287177.67015,75.08,54.2
"新北市","萬里區","萬里里",1221.01610008,592460.482829,68.36,55.88
"新北市","萬里區","龜吼里",2261.47567728,754803.257856,71.78,56.17
"新北市","萬里區","野柳里",1522.11168548,825507.74459,70.61,56.35
"新北市","萬里區","大鵬里",1356.00041599,737813.312024,64.36,57.29
"新北市","萬里區","磺潭里",220.318311125,62026.8138712,58.44,60.9
"新北市","萬里區","雙興里",325.029425485,91506.4189365,48.83,64.66
"新北市","萬里區","溪底里",338.002788782,95158.8452209,53.51,61.77
"新北市","萬里區","崁[腳]里",319.357910985,123265.200607,55.98,60.71
"新北市","萬里區","中幅里",802.098435402,347655.379393,62.88,58.7
"新北市","萬里區","北基里",1727.23146602,460618.659759,71.56,56.75
"新北市","烏來區","烏來里",575.891865662,687444.015508,71.19,55.63
"新北市","烏來區","忠治里",354.405287212,411889.060496,76.36,52.8
"新北市","烏來區","孝義里",152.994816083,94611.5038776,53.33,62
"新北市","瑞芳區","濂洞里",63.2392465236,28588.8716288,53.33,63.39
"新北市","瑞芳區","濂新里",347.972123528,157309.438629,54.61,60.52
"新北市","林口區","頂福里",563.242571761,337751.528433,61.95,58.69
"新北市","林口區","下福里",303.299370346,191195.608741,67.62,55.07
"新北市","林口區","麗林里",4280.2096732,2175398.45723,89.06,47.24
"新北市","林口區","南勢里",9182.29866131,3819108.60112,87.81,46.22
"新北市","泰山區","大科里",846.578954133,616885.190223,70.16,56.43
"新北市","林口區","東勢里",2340.62031724,1114563.03386,82.69,51.43
"新北市","林口區","麗園里",1941.70813408,1065835.09392,81.46,52.37
"新北市","新莊區","丹鳳里",5306.73773826,2033799.00645,85.65,49.34
"新北市","新莊區","雙鳳里",4237.90723499,2620138.48029,88.25,47.01
"新北市","新莊區","龍福里",870.851409494,345090.943957,85.17,49.98
"新北市","樹林區","三龍里",1616.49705313,1933552.41512,80.87,53.32
"新北市","樹林區","三興里",2396.3710358,759004.789868,82.07,52.48
"新北市","樹林區","三福里",1702.86139683,1128402.26662,75.95,53.34
"新北市","樹林區","光興里",1162.69199157,621429.961808,85.74,50.71
"新北市","樹林區","潭底里",2774.57606677,1926290.68151,78.42,53.6
"新北市","樹林區","坡內里",767.608729272,564466.487018,74.88,54.03
"新北市","樹林區","東山里",2101.07964765,2493323.61463,79.22,53.75
"新北市","樹林區","樂山里",556.767129035,423847.329602,67.22,57
"新北市","鶯歌區","東湖里",649.933153422,372840.330767,75.59,55.87
"新北市","鶯歌區","中湖里",2971.42777927,1407074.53897,79.59,52.51
"新北市","鶯歌區","鳳鳴里",2458.58680255,1027677.08642,79.43,53.04
"新北市","鶯歌區","大湖里",2173.67441262,998050.864277,77.23,54.27
"新北市","鶯歌區","鳳福里",1713.73821255,1012220.35101,77.8,53.67
"新北市","鶯歌區","尖山里",4481.40478316,2318641.53896,81.67,51.09
"新北市","鶯歌區","永吉里",2300.45065595,1020662.03173,80.86,51.98
"新北市","鶯歌區","鳳祥里",2488.6731881,1207335.97693,81.49,52.06
"新北市","鶯歌區","二橋里",3022.0234602,1566797.18691,79.48,51.31
"新北市","鶯歌區","二甲里",882.693617885,523667.827827,70.69,56.24
"新北市","三峽區","弘道里",958.446931232,413957.335434,67.96,55.61
"新北市","三峽區","鳶山里",5469.90375262,3172168.02118,81.69,51.32
"新北市","三峽區","大埔里",2189.49878074,1007390.60974,73.11,55.15
"新北市","三峽區","二鬮里",827.993862405,423184.317819,82.65,51.79
"新北市","三峽區","金圳里",799.763346926,316259.99297,62.77,60.13
"新北市","三峽區","五寮里",400.673444659,134320.73728,55.7,60.79
"新北市","三峽區","有木里",846.065195682,329369.073849,59.84,60.91
"新北市","三峽區","插角里",346.753040282,116244.599301,53.49,61.93
"新北市","烏來區","福山里",346.010106712,213971.540938,79.7,50.22
"新北市","烏來區","信賢里",68.7544839987,42517.5525287,68.06,56.15
